id,isoNum,ISO2,ISO3,travelInsurance,nombre,name,photos
1,4,AF,AFG,False,Afghanistan,Afghanistan,"{'header': [{'caption': 'Afghanistan', 'paths': {'original': 'https://cdn2.civitatis.com/afghanistan/afghanistan-o.jpg', 'thumbnail': 'https://cdn2.civitatis.com/afghanistan/afghanistan-t.jpg'}}]}"
2,248,AX,ALA,False,Åland Islands,Åland Islands,"{'header': [{'caption': 'Åland Islands', 'paths': {'original': 'https://cdn2.civitatis.com/aland-islands/aland-islands-o.jpg', 'thumbnail': 'https://cdn2.civitatis.com/aland-islands/aland-islands-t.jpg'}}]}"
3,8,AL,ALB,False,Albania,Albania,"{'header': [{'caption': 'Albania', 'paths': {'original': 'https://cdn2.civitatis.com/albania/albania-o.jpg', 'thumbnail': 'https://cdn2.civitatis.com/albania/albania-t.jpg'}}]}"
4,276,DE,DEU,True,Germany,Germany,"{'header': [{'caption': 'Germany', 'paths': {'original': 'https://cdn2.civitatis.com/germany/germany-o.jpg', 'thumbnail': 'https://cdn2.civitatis.com/germany/germany-t.jpg'}}]}"
5,20,AD,AND,False,Andorra,Andorra,"{'header': [{'caption': 'Andorra', 'paths': {'original': 'https://cdn2.civitatis.com/andorra/andorra-o.jpg', 'thumbnail': 'https://cdn2.civitatis.com/andorra/andorra-t.jpg'}}]}"
6,24,AO,AGO,False,Angola,Angola,"{'header': [{'caption': 'Angola', 'paths': {'original': 'https://cdn2.civitatis.com/angola/angola-o.jpg', 'thumbnail': 'https://cdn2.civitatis.com/angola/angola-t.jpg'}}]}"
7,660,AI,AIA,False,Anguilla,Anguilla,"{'header': [{'caption': 'Anguilla', 'paths': {'original': 'https://cdn2.civitatis.com/anguilla/anguilla-o.jpg', 'thumbnail': 'https://cdn2.civitatis.com/anguilla/anguilla-t.jpg'}}]}"
8,10,AQ,ATA,False,Antarctica,Antarctica,"{'header': [{'caption': 'Antarctica', 'paths': {'original': 'https://cdn2.civitatis.com/antarctica/antarctica-o.jpg', 'thumbnail': 'https://cdn2.civitatis.com/antarctica/antarctica-t.jpg'}}]}"
9,28,AG,ATG,False,Antigua and Barbuda,Antigua and Barbuda,"{'header': [{'caption': 'Antigua and Barbuda', 'paths': {'original': 'https://cdn2.civitatis.com/antigua-and-barbuda/antigua-and-barbuda-o.jpg', 'thumbnail': 'https://cdn2.civitatis.com/antigua-and-barbuda/antigua-and-barbuda-t.jpg'}}]}"
10,530,AN,ANT,False,Saint Martin,Saint Martin,"{'header': [{'caption': 'Saint Martin', 'paths': {'original': 'https://cdn2.civitatis.com/saint-martin/saint-martin-o.jpg', 'thumbnail': 'https://cdn2.civitatis.com/saint-martin/saint-martin-t.jpg'}}]}"
11,682,SA,SAU,False,Saudi Arabia,Saudi Arabia,"{'header': [{'caption': 'Saudi Arabia', 'paths': {'original': 'https://cdn2.civitatis.com/saudia-arabia/saudia-arabia-o.jpg', 'thumbnail': 'https://cdn2.civitatis.com/saudia-arabia/saudia-arabia-t.jpg'}}]}"
12,12,DZ,DZA,False,Algeria,Algeria,"{'header': [{'caption': 'Algeria', 'paths': {'original': 'https://cdn2.civitatis.com/algeria/algeria-o.jpg', 'thumbnail': 'https://cdn2.civitatis.com/algeria/algeria-t.jpg'}}]}"
13,32,AR,ARG,False,Argentina,Argentina,"{'header': [{'caption': 'Argentina', 'paths': {'original': 'https://cdn2.civitatis.com/argentina/argentina-o.jpg', 'thumbnail': 'https://cdn2.civitatis.com/argentina/argentina-t.jpg'}}]}"
14,51,AM,ARM,False,Armenia,Armenia,"{'header': [{'caption': 'Armenia', 'paths': {'original': 'https://cdn2.civitatis.com/armenia/armenia-o.jpg', 'thumbnail': 'https://cdn2.civitatis.com/armenia/armenia-t.jpg'}}]}"
15,533,AW,ABW,False,Aruba,Aruba,"{'header': [{'caption': 'Aruba', 'paths': {'original': 'https://cdn2.civitatis.com/aruba/aruba-o.jpg', 'thumbnail': 'https://cdn2.civitatis.com/aruba/aruba-t.jpg'}}]}"
16,36,AU,AUS,False,Australia,Australia,"{'header': [{'caption': 'Australia', 'paths': {'original': 'https://cdn2.civitatis.com/australia/australia-o.jpg', 'thumbnail': 'https://cdn2.civitatis.com/australia/australia-t.jpg'}}]}"
17,40,AT,AUT,True,Austria,Austria,"{'header': [{'caption': 'Austria', 'paths': {'original': 'https://cdn2.civitatis.com/austria/austria-o.jpg', 'thumbnail': 'https://cdn2.civitatis.com/austria/austria-t.jpg'}}]}"
18,31,AZ,AZE,False,Azerbaijan,Azerbaijan,"{'header': [{'caption': 'Azerbaijan', 'paths': {'original': 'https://cdn2.civitatis.com/azerbaijan/azerbaijan-o.jpg', 'thumbnail': 'https://cdn2.civitatis.com/azerbaijan/azerbaijan-t.jpg'}}]}"
19,44,BS,BHS,False,The Bahamas,The Bahamas,"{'header': [{'caption': 'The Bahamas', 'paths': {'original': 'https://cdn2.civitatis.com/the-bahamas/the-bahamas-o.jpg', 'thumbnail': 'https://cdn2.civitatis.com/the-bahamas/the-bahamas-t.jpg'}}]}"
20,48,BH,BHR,False,Bahrain,Bahrain,"{'header': [{'caption': 'Bahrain', 'paths': {'original': 'https://cdn2.civitatis.com/bahrain/bahrain-o.jpg', 'thumbnail': 'https://cdn2.civitatis.com/bahrain/bahrain-t.jpg'}}]}"
21,50,BD,BGD,False,Bangladesh,Bangladesh,"{'header': [{'caption': 'Bangladesh', 'paths': {'original': 'https://cdn2.civitatis.com/bangladesh/bangladesh-o.jpg', 'thumbnail': 'https://cdn2.civitatis.com/bangladesh/bangladesh-t.jpg'}}]}"
22,52,BB,BRB,False,Barbados,Barbados,"{'header': [{'caption': 'Barbados', 'paths': {'original': 'https://cdn2.civitatis.com/barbados/barbados-o.jpg', 'thumbnail': 'https://cdn2.civitatis.com/barbados/barbados-t.jpg'}}]}"
23,112,BY,BLR,True,Belarus,Belarus,"{'header': [{'caption': 'Belarus', 'paths': {'original': 'https://cdn2.civitatis.com/belarus/belarus-o.jpg', 'thumbnail': 'https://cdn2.civitatis.com/belarus/belarus-t.jpg'}}]}"
24,56,BE,BEL,False,Belgium ,Belgium ,"{'header': [{'caption': 'Belgium ', 'paths': {'original': 'https://cdn2.civitatis.com/belgium/belgium-o.jpg', 'thumbnail': 'https://cdn2.civitatis.com/belgium/belgium-t.jpg'}}]}"
25,84,BZ,BLZ,False,Belize,Belize,"{'header': [{'caption': 'Belize', 'paths': {'original': 'https://cdn2.civitatis.com/belize/belize-o.jpg', 'thumbnail': 'https://cdn2.civitatis.com/belize/belize-t.jpg'}}]}"
26,204,BJ,BEN,False,Benin,Benin,"{'header': [{'caption': 'Benin', 'paths': {'original': 'https://cdn2.civitatis.com/benin/benin-o.jpg', 'thumbnail': 'https://cdn2.civitatis.com/benin/benin-t.jpg'}}]}"
27,60,BM,BMU,False,Bermudas,Bermudas,"{'header': [{'caption': 'Bermudas', 'paths': {'original': 'https://cdn2.civitatis.com/bermudas/bermudas-o.jpg', 'thumbnail': 'https://cdn2.civitatis.com/bermudas/bermudas-t.jpg'}}]}"
29,68,BO,BOL,False,Bolivia,Bolivia,"{'header': [{'caption': 'Bolivia', 'paths': {'original': 'https://cdn2.civitatis.com/bolivia/bolivia-o.jpg', 'thumbnail': 'https://cdn2.civitatis.com/bolivia/bolivia-t.jpg'}}]}"
30,70,BA,BIH,False,Bosnia and Herzegovina,Bosnia and Herzegovina,"{'header': [{'caption': 'Bosnia and Herzegovina', 'paths': {'original': 'https://cdn2.civitatis.com/bosnia-and-herzegovina/bosnia-and-herzegovina-o.jpg', 'thumbnail': 'https://cdn2.civitatis.com/bosnia-and-herzegovina/bosnia-and-herzegovina-t.jpg'}}]}"
31,72,BW,BWA,False,Botswana,Botswana,"{'header': [{'caption': 'Botswana', 'paths': {'original': 'https://cdn2.civitatis.com/botswana/botswana-o.jpg', 'thumbnail': 'https://cdn2.civitatis.com/botswana/botswana-t.jpg'}}]}"
32,74,BV,BVT,False,Bouvet Island,Bouvet Island,"{'header': [{'caption': 'Bouvet Island', 'paths': {'original': 'https://cdn2.civitatis.com/bouvet-island/bouvet-island-o.jpg', 'thumbnail': 'https://cdn2.civitatis.com/bouvet-island/bouvet-island-t.jpg'}}]}"
33,76,BR,BRA,False,Brazil,Brazil,"{'header': [{'caption': 'Brazil', 'paths': {'original': 'https://cdn2.civitatis.com/brazil/brazil-o.jpg', 'thumbnail': 'https://cdn2.civitatis.com/brazil/brazil-t.jpg'}}]}"
34,96,BN,BRN,False,Brunei,Brunei,"{'header': [{'caption': 'Brunei', 'paths': {'original': 'https://cdn2.civitatis.com/brunei/brunei-o.jpg', 'thumbnail': 'https://cdn2.civitatis.com/brunei/brunei-t.jpg'}}]}"
35,100,BG,BGR,False,Bulgaria,Bulgaria,"{'header': [{'caption': 'Bulgaria', 'paths': {'original': 'https://cdn2.civitatis.com/bulgaria/bulgaria-o.jpg', 'thumbnail': 'https://cdn2.civitatis.com/bulgaria/bulgaria-t.jpg'}}]}"
36,854,BF,BFA,False,Burkina Faso,Burkina Faso,"{'header': [{'caption': 'Burkina Faso', 'paths': {'original': 'https://cdn2.civitatis.com/burkina-faso/burkina-faso-o.jpg', 'thumbnail': 'https://cdn2.civitatis.com/burkina-faso/burkina-faso-t.jpg'}}]}"
37,108,BI,BDI,False,Burundi,Burundi,"{'header': [{'caption': 'Burundi', 'paths': {'original': 'https://cdn2.civitatis.com/burundi/burundi-o.jpg', 'thumbnail': 'https://cdn2.civitatis.com/burundi/burundi-t.jpg'}}]}"
38,132,CV,CPV,False,Cape Verde,Cape Verde,"{'header': [{'caption': 'Cape Verde', 'paths': {'original': 'https://cdn2.civitatis.com/cape-verde/cape-verde-o.jpg', 'thumbnail': 'https://cdn2.civitatis.com/cape-verde/cape-verde-t.jpg'}}]}"
39,136,KY,CYM,False,Cayman Islands,Cayman Islands,"{'header': [{'caption': 'Cayman Islands', 'paths': {'original': 'https://cdn2.civitatis.com/cayman-islands/cayman-islands-o.jpg', 'thumbnail': 'https://cdn2.civitatis.com/cayman-islands/cayman-islands-t.jpg'}}]}"
40,116,KH,KHM,False,Cambodia,Cambodia,"{'header': [{'caption': 'Cambodia', 'paths': {'original': 'https://cdn2.civitatis.com/cambodia/cambodia-o.jpg', 'thumbnail': 'https://cdn2.civitatis.com/cambodia/cambodia-t.jpg'}}]}"
41,120,CM,CMR,False,Cameroon,Cameroon,"{'header': [{'caption': 'Cameroon', 'paths': {'original': 'https://cdn2.civitatis.com/cameroon/cameroon-o.jpg', 'thumbnail': 'https://cdn2.civitatis.com/cameroon/cameroon-t.jpg'}}]}"
42,124,CA,CAN,False,Canada,Canada,"{'header': [{'caption': 'Canada', 'paths': {'original': 'https://cdn2.civitatis.com/canada/canada-o.jpg', 'thumbnail': 'https://cdn2.civitatis.com/canada/canada-t.jpg'}}]}"
43,140,CF,CAF,False,Central African Republic,Central African Republic,"{'header': [{'caption': 'Central African Republic', 'paths': {'original': 'https://cdn2.civitatis.com/central-african-republic/central-african-republic-o.jpg', 'thumbnail': 'https://cdn2.civitatis.com/central-african-republic/central-african-republic-t.jpg'}}]}"
44,148,TD,TCD,False,Chad,Chad,"{'header': [{'caption': 'Chad', 'paths': {'original': 'https://cdn2.civitatis.com/chad/chad-o.jpg', 'thumbnail': 'https://cdn2.civitatis.com/chad/chad-t.jpg'}}]}"
45,203,CZ,CZE,True,Czech Republic,Czech Republic,"{'header': [{'caption': 'Czech Republic', 'paths': {'original': 'https://cdn2.civitatis.com/czech-republic/czech-republic-o.jpg', 'thumbnail': 'https://cdn2.civitatis.com/czech-republic/czech-republic-t.jpg'}}]}"
46,152,CL,CHL,False,Chile,Chile,"{'header': [{'caption': 'Chile', 'paths': {'original': 'https://cdn2.civitatis.com/chile/chile-o.jpg', 'thumbnail': 'https://cdn2.civitatis.com/chile/chile-t.jpg'}}]}"
47,156,CN,CHN,True,China,China,"{'header': [{'caption': 'China', 'paths': {'original': 'https://cdn2.civitatis.com/china/china-o.jpg', 'thumbnail': 'https://cdn2.civitatis.com/china/china-t.jpg'}}]}"
48,196,CY,CYP,False,Cyprus,Cyprus,"{'header': [{'caption': 'Cyprus', 'paths': {'original': 'https://cdn2.civitatis.com/cyprus/cyprus-o.jpg', 'thumbnail': 'https://cdn2.civitatis.com/cyprus/cyprus-t.jpg'}}]}"
49,162,CX,CXR,False,Christmas Island,Christmas Island,"{'header': [{'caption': 'Christmas Island', 'paths': {'original': 'https://cdn2.civitatis.com/christmas-island/christmas-island-o.jpg', 'thumbnail': 'https://cdn2.civitatis.com/christmas-island/christmas-island-t.jpg'}}]}"
51,166,CC,CCK,False,Cocos Island,Cocos Island,"{'header': [{'caption': 'Cocos Island', 'paths': {'original': 'https://cdn2.civitatis.com/cocos-island/cocos-island-o.jpg', 'thumbnail': 'https://cdn2.civitatis.com/cocos-island/cocos-island-t.jpg'}}]}"
52,170,CO,COL,False,Colombia,Colombia,"{'header': [{'caption': 'Colombia', 'paths': {'original': 'https://cdn2.civitatis.com/colombia/colombia-o.jpg', 'thumbnail': 'https://cdn2.civitatis.com/colombia/colombia-t.jpg'}}]}"
53,174,KM,COM,False,Comoros,Comoros,"{'header': [{'caption': 'Comoros', 'paths': {'original': 'https://cdn2.civitatis.com/comoros/comoros-o.jpg', 'thumbnail': 'https://cdn2.civitatis.com/comoros/comoros-t.jpg'}}]}"
54,180,CD,COD,False,The Democratic Republic of the Congo,The Democratic Republic of the Congo,"{'header': [{'caption': 'The Democratic Republic of the Congo', 'paths': {'original': 'https://cdn2.civitatis.com/democratic-republic-of-the-congo/democratic-republic-of-the-congo-o.jpg', 'thumbnail': 'https://cdn2.civitatis.com/democratic-republic-of-the-congo/democratic-republic-of-the-congo-t.jpg'}}]}"
55,178,CG,COG,False,Congo,Congo,"{'header': [{'caption': 'Congo', 'paths': {'original': 'https://cdn2.civitatis.com/congo/congo-o.jpg', 'thumbnail': 'https://cdn2.civitatis.com/congo/congo-t.jpg'}}]}"
56,184,CK,COK,False,Cook Islands,Cook Islands,"{'header': [{'caption': 'Cook Islands', 'paths': {'original': 'https://cdn2.civitatis.com/cook-islands/cook-islands-o.jpg', 'thumbnail': 'https://cdn2.civitatis.com/cook-islands/cook-islands-t.jpg'}}]}"
57,408,KP,PRK,False,North Korea,North Korea,"{'header': [{'caption': 'North Korea', 'paths': {'original': 'https://cdn2.civitatis.com/north-korea/north-korea-o.jpg', 'thumbnail': 'https://cdn2.civitatis.com/north-korea/north-korea-t.jpg'}}]}"
58,410,KR,KOR,False,South Korea,South Korea,"{'header': [{'caption': 'South Korea', 'paths': {'original': 'https://cdn2.civitatis.com/south-korea/south-korea-o.jpg', 'thumbnail': 'https://cdn2.civitatis.com/south-korea/south-korea-t.jpg'}}]}"
59,384,CI,CIV,False,Ivory Coast,Ivory Coast,"{'header': [{'caption': 'Ivory Coast', 'paths': {'original': 'https://cdn2.civitatis.com/ivory-coast/ivory-coast-o.jpg', 'thumbnail': 'https://cdn2.civitatis.com/ivory-coast/ivory-coast-t.jpg'}}]}"
60,188,CR,CRI,False,Costa Rica,Costa Rica,"{'header': [{'caption': 'Costa Rica', 'paths': {'original': 'https://cdn2.civitatis.com/costa-rica/costa-rica-o.jpg', 'thumbnail': 'https://cdn2.civitatis.com/costa-rica/costa-rica-t.jpg'}}]}"
61,191,HR,HRV,True,Croatia,Croatia,"{'header': [{'caption': 'Croatia', 'paths': {'original': 'https://cdn2.civitatis.com/croatia/croatia-o.jpg', 'thumbnail': 'https://cdn2.civitatis.com/croatia/croatia-t.jpg'}}]}"
62,192,CU,CUB,False,Cuba,Cuba,"{'header': [{'caption': 'Cuba', 'paths': {'original': 'https://cdn2.civitatis.com/cuba/cuba-o.jpg', 'thumbnail': 'https://cdn2.civitatis.com/cuba/cuba-t.jpg'}}]}"
63,208,DK,DNK,False,Denmark,Denmark,"{'header': [{'caption': 'Denmark', 'paths': {'original': 'https://cdn2.civitatis.com/denmark/denmark-o.jpg', 'thumbnail': 'https://cdn2.civitatis.com/denmark/denmark-t.jpg'}}]}"
64,212,DM,DMA,False,Dominica,Dominica,"{'header': [{'caption': 'Dominica', 'paths': {'original': 'https://cdn2.civitatis.com/dominica/dominica-o.jpg', 'thumbnail': 'https://cdn2.civitatis.com/dominica/dominica-t.jpg'}}]}"
65,214,DO,DOM,False,The Dominican Republic,The Dominican Republic,"{'header': [{'caption': 'The Dominican Republic', 'paths': {'original': 'https://cdn2.civitatis.com/dominican-republic/dominican-republic-o.jpg', 'thumbnail': 'https://cdn2.civitatis.com/dominican-republic/dominican-republic-t.jpg'}}]}"
66,218,EC,ECU,False,Ecuador,Ecuador,"{'header': [{'caption': 'Ecuador', 'paths': {'original': 'https://cdn2.civitatis.com/ecuador/ecuador-o.jpg', 'thumbnail': 'https://cdn2.civitatis.com/ecuador/ecuador-t.jpg'}}]}"
67,818,EG,EGY,True,Egypt,Egypt,"{'header': [{'caption': 'Egypt', 'paths': {'original': 'https://cdn2.civitatis.com/egypt/egypt-o.jpg', 'thumbnail': 'https://cdn2.civitatis.com/egypt/egypt-t.jpg'}}]}"
68,222,SV,SLV,False,El Salvador,El Salvador,"{'header': [{'caption': 'El Salvador', 'paths': {'original': 'https://cdn2.civitatis.com/el-salvador/el-salvador-o.jpg', 'thumbnail': 'https://cdn2.civitatis.com/el-salvador/el-salvador-t.jpg'}}]}"
69,784,AE,ARE,True,United Arab Emirates,United Arab Emirates,"{'header': [{'caption': 'United Arab Emirates', 'paths': {'original': 'https://cdn2.civitatis.com/united-arab-emirates/united-arab-emirates-o.jpg', 'thumbnail': 'https://cdn2.civitatis.com/united-arab-emirates/united-arab-emirates-t.jpg'}}]}"
70,232,ER,ERI,False,Eritrea,Eritrea,"{'header': [{'caption': 'Eritrea', 'paths': {'original': 'https://cdn2.civitatis.com/eritrea/eritrea-o.jpg', 'thumbnail': 'https://cdn2.civitatis.com/eritrea/eritrea-t.jpg'}}]}"
71,703,SK,SVK,False,Slovakia,Slovakia,"{'header': [{'caption': 'Slovakia', 'paths': {'original': 'https://cdn2.civitatis.com/slovakia/slovakia-o.jpg', 'thumbnail': 'https://cdn2.civitatis.com/slovakia/slovakia-t.jpg'}}]}"
72,705,SI,SVN,False,Slovenia,Slovenia,"{'header': [{'caption': 'Slovenia', 'paths': {'original': 'https://cdn2.civitatis.com/slovenia/slovenia-o.jpg', 'thumbnail': 'https://cdn2.civitatis.com/slovenia/slovenia-t.jpg'}}]}"
73,724,ES,ESP,False,Spain,Spain,"{'header': [{'caption': 'Spain', 'paths': {'original': 'https://cdn2.civitatis.com/spain/spain-o.jpg', 'thumbnail': 'https://cdn2.civitatis.com/spain/spain-t.jpg'}}]}"
74,581,UM,UMI,False,United States Minor Outlying Islands,United States Minor Outlying Islands,"{'header': [{'caption': 'United States Minor Outlying Islands', 'paths': {'original': 'https://cdn2.civitatis.com/united-states-minor-outlying-islands/united-states-minor-outlying-islands-o.jpg', 'thumbnail': 'https://cdn2.civitatis.com/united-states-minor-outlying-islands/united-states-minor-outlying-islands-t.jpg'}}]}"
75,840,US,USA,True,The United States,The United States,"{'header': [{'caption': 'The United States', 'paths': {'original': 'https://cdn2.civitatis.com/united-states/united-states-o.jpg', 'thumbnail': 'https://cdn2.civitatis.com/united-states/united-states-t.jpg'}}]}"
76,233,EE,EST,False,Estonia,Estonia,"{'header': [{'caption': 'Estonia', 'paths': {'original': 'https://cdn2.civitatis.com/estonia/estonia-o.jpg', 'thumbnail': 'https://cdn2.civitatis.com/estonia/estonia-t.jpg'}}]}"
77,231,ET,ETH,False,Ethiopia,Ethiopia,"{'header': [{'caption': 'Ethiopia', 'paths': {'original': 'https://cdn2.civitatis.com/ethiopia/ethiopia-o.jpg', 'thumbnail': 'https://cdn2.civitatis.com/ethiopia/ethiopia-t.jpg'}}]}"
78,234,FO,FRO,False,Faroe Islands,Faroe Islands,"{'header': [{'caption': 'Faroe Islands', 'paths': {'original': 'https://cdn2.civitatis.com/faroe-islands/faroe-islands-o.jpg', 'thumbnail': 'https://cdn2.civitatis.com/faroe-islands/faroe-islands-t.jpg'}}]}"
79,608,PH,PHL,True,Philippines,Philippines,"{'header': [{'caption': 'Philippines', 'paths': {'original': 'https://cdn2.civitatis.com/philippines/philippines-o.jpg', 'thumbnail': 'https://cdn2.civitatis.com/philippines/philippines-t.jpg'}}]}"
80,246,FI,FIN,True,Finland,Finland,"{'header': [{'caption': 'Finland', 'paths': {'original': 'https://cdn2.civitatis.com/finland/finland-o.jpg', 'thumbnail': 'https://cdn2.civitatis.com/finland/finland-t.jpg'}}]}"
81,242,FJ,FJI,False,Fiji,Fiji,"{'header': [{'caption': 'Fiji', 'paths': {'original': 'https://cdn2.civitatis.com/fiji/fiji-o.jpg', 'thumbnail': 'https://cdn2.civitatis.com/fiji/fiji-t.jpg'}}]}"
82,250,FR,FRA,True,France,France,"{'header': [{'caption': 'France', 'paths': {'original': 'https://cdn2.civitatis.com/france/france-o.jpg', 'thumbnail': 'https://cdn2.civitatis.com/france/france-t.jpg'}}]}"
83,266,GA,GAB,False,Gabon,Gabon,"{'header': [{'caption': 'Gabon', 'paths': {'original': 'https://cdn2.civitatis.com/gabon/gabon-o.jpg', 'thumbnail': 'https://cdn2.civitatis.com/gabon/gabon-t.jpg'}}]}"
84,270,GM,GMB,False,The Gambia,The Gambia,"{'header': [{'caption': 'The Gambia', 'paths': {'original': 'https://cdn2.civitatis.com/the-gambia/the-gambia-o.jpg', 'thumbnail': 'https://cdn2.civitatis.com/the-gambia/the-gambia-t.jpg'}}]}"
85,268,GE,GEO,False,Georgia,Georgia,"{'header': [{'caption': 'Georgia', 'paths': {'original': 'https://cdn2.civitatis.com/georgia/georgia-o.jpg', 'thumbnail': 'https://cdn2.civitatis.com/georgia/georgia-t.jpg'}}]}"
86,239,GS,SGS,False,South Georgia and the South Sandwich Islands,South Georgia and the South Sandwich Islands,"{'header': [{'caption': 'South Georgia and the South Sandwich Islands', 'paths': {'original': 'https://cdn2.civitatis.com/south-georgia-and-the-south-sandwich-islands/south-georgia-and-the-south-sandwich-islands-o.jpg', 'thumbnail': 'https://cdn2.civitatis.com/south-georgia-and-the-south-sandwich-islands/south-georgia-and-the-south-sandwich-islands-t.jpg'}}]}"
87,288,GH,GHA,False,Ghana,Ghana,"{'header': [{'caption': 'Ghana', 'paths': {'original': 'https://cdn2.civitatis.com/ghana/ghana-o.jpg', 'thumbnail': 'https://cdn2.civitatis.com/ghana/ghana-t.jpg'}}]}"
89,308,GD,GRD,False,Grenada,Grenada,"{'header': [{'caption': 'Grenada', 'paths': {'original': 'https://cdn2.civitatis.com/grenada/grenada-o.jpg', 'thumbnail': 'https://cdn2.civitatis.com/grenada/grenada-t.jpg'}}]}"
90,300,GR,GRC,True,Greece,Greece,"{'header': [{'caption': 'Greece', 'paths': {'original': 'https://cdn2.civitatis.com/greece/greece-o.jpg', 'thumbnail': 'https://cdn2.civitatis.com/greece/greece-t.jpg'}}]}"
91,304,GL,GRL,False,Greenland,Greenland,"{'header': [{'caption': 'Greenland', 'paths': {'original': 'https://cdn2.civitatis.com/greenland/greenland-o.jpg', 'thumbnail': 'https://cdn2.civitatis.com/greenland/greenland-t.jpg'}}]}"
92,312,GP,GLP,False,Guadeloupe,Guadeloupe,"{'header': [{'caption': 'Guadeloupe', 'paths': {'original': 'https://cdn2.civitatis.com/guadeloupe/guadeloupe-o.jpg', 'thumbnail': 'https://cdn2.civitatis.com/guadeloupe/guadeloupe-t.jpg'}}]}"
93,316,GU,GUM,False,Guam,Guam,"{'header': [{'caption': 'Guam', 'paths': {'original': 'https://cdn2.civitatis.com/guam/guam-o.jpg', 'thumbnail': 'https://cdn2.civitatis.com/guam/guam-t.jpg'}}]}"
94,320,GT,GTM,False,Guatemala,Guatemala,"{'header': [{'caption': 'Guatemala', 'paths': {'original': 'https://cdn2.civitatis.com/guatemala/guatemala-o.jpg', 'thumbnail': 'https://cdn2.civitatis.com/guatemala/guatemala-t.jpg'}}]}"
95,254,GF,GUF,False,French Guiana,French Guiana,"{'header': [{'caption': 'French Guiana', 'paths': {'original': 'https://cdn2.civitatis.com/french-guiana/french-guiana-o.jpg', 'thumbnail': 'https://cdn2.civitatis.com/french-guiana/french-guiana-t.jpg'}}]}"
96,324,GN,GIN,False,Guinea,Guinea,"{'header': [{'caption': 'Guinea', 'paths': {'original': 'https://cdn2.civitatis.com/guinea/guinea-o.jpg', 'thumbnail': 'https://cdn2.civitatis.com/guinea/guinea-t.jpg'}}]}"
97,226,GQ,GNQ,False,Equatorial Guinea,Equatorial Guinea,"{'header': [{'caption': 'Equatorial Guinea', 'paths': {'original': 'https://cdn2.civitatis.com/equatorial-guinea/equatorial-guinea-o.jpg', 'thumbnail': 'https://cdn2.civitatis.com/equatorial-guinea/equatorial-guinea-t.jpg'}}]}"
98,624,GW,GNB,False,Guinea-Bissau,Guinea-Bissau,"{'header': [{'caption': 'Guinea-Bissau', 'paths': {'original': 'https://cdn2.civitatis.com/guinea-bissau/guinea-bissau-o.jpg', 'thumbnail': 'https://cdn2.civitatis.com/guinea-bissau/guinea-bissau-t.jpg'}}]}"
99,328,GY,GUY,False,Guyana,Guyana,"{'header': [{'caption': 'Guyana', 'paths': {'original': 'https://cdn2.civitatis.com/guyana/guyana-o.jpg', 'thumbnail': 'https://cdn2.civitatis.com/guyana/guyana-t.jpg'}}]}"
100,332,HT,HTI,False,Haiti,Haiti,"{'header': [{'caption': 'Haiti', 'paths': {'original': 'https://cdn2.civitatis.com/haiti/haiti-o.jpg', 'thumbnail': 'https://cdn2.civitatis.com/haiti/haiti-t.jpg'}}]}"
101,334,HM,HMD,False,Heard Island and the McDonald Islands,Heard Island and the McDonald Islands,"{'header': [{'caption': 'Heard Island and the McDonald Islands', 'paths': {'original': 'https://cdn2.civitatis.com/heard-island-and-mcdonald-islands/heard-island-and-mcdonald-islands-o.jpg', 'thumbnail': 'https://cdn2.civitatis.com/heard-island-and-mcdonald-islands/heard-island-and-mcdonald-islands-t.jpg'}}]}"
102,340,HN,HND,False,Honduras,Honduras,"{'header': [{'caption': 'Honduras', 'paths': {'original': 'https://cdn2.civitatis.com/honduras/honduras-o.jpg', 'thumbnail': 'https://cdn2.civitatis.com/honduras/honduras-t.jpg'}}]}"
103,344,HK,HKG,True,Hong Kong,Hong Kong,"{'header': [{'caption': 'Hong Kong', 'paths': {'original': 'https://cdn2.civitatis.com/hong-kong-country/hong-kong-country-o.jpg', 'thumbnail': 'https://cdn2.civitatis.com/hong-kong-country/hong-kong-country-t.jpg'}}]}"
104,348,HU,HUN,False,Hungary,Hungary,"{'header': [{'caption': 'Hungary', 'paths': {'original': 'https://cdn2.civitatis.com/hungary/hungary-o.jpg', 'thumbnail': 'https://cdn2.civitatis.com/hungary/hungary-t.jpg'}}]}"
105,356,IN,IND,True,India,India,"{'header': [{'caption': 'India', 'paths': {'original': 'https://cdn2.civitatis.com/india/india-o.jpg', 'thumbnail': 'https://cdn2.civitatis.com/india/india-t.jpg'}}]}"
106,360,ID,IDN,True,Indonesia,Indonesia,"{'header': [{'caption': 'Indonesia', 'paths': {'original': 'https://cdn2.civitatis.com/indonesia/indonesia-o.jpg', 'thumbnail': 'https://cdn2.civitatis.com/indonesia/indonesia-t.jpg'}}]}"
107,364,IR,IRN,False,Iran,Iran,"{'header': [{'caption': 'Iran', 'paths': {'original': 'https://cdn2.civitatis.com/iran/iran-o.jpg', 'thumbnail': 'https://cdn2.civitatis.com/iran/iran-t.jpg'}}]}"
108,368,IQ,IRQ,False,Iraq,Iraq,"{'header': [{'caption': 'Iraq', 'paths': {'original': 'https://cdn2.civitatis.com/iraq/iraq-o.jpg', 'thumbnail': 'https://cdn2.civitatis.com/iraq/iraq-t.jpg'}}]}"
109,372,IE,IRL,True,Ireland,Ireland,"{'header': [{'caption': 'Ireland', 'paths': {'original': 'https://cdn2.civitatis.com/ireland/ireland-o.jpg', 'thumbnail': 'https://cdn2.civitatis.com/ireland/ireland-t.jpg'}}]}"
110,352,IS,ISL,True,Iceland,Iceland,"{'header': [{'caption': 'Iceland', 'paths': {'original': 'https://cdn2.civitatis.com/iceland/iceland-o.jpg', 'thumbnail': 'https://cdn2.civitatis.com/iceland/iceland-t.jpg'}}]}"
111,376,IL,ISR,True,Israel,Israel,"{'header': [{'caption': 'Israel', 'paths': {'original': 'https://cdn2.civitatis.com/israel/israel-o.jpg', 'thumbnail': 'https://cdn2.civitatis.com/israel/israel-t.jpg'}}]}"
112,380,IT,ITA,True,Italy,Italy,"{'header': [{'caption': 'Italy', 'paths': {'original': 'https://cdn2.civitatis.com/italy/italy-o.jpg', 'thumbnail': 'https://cdn2.civitatis.com/italy/italy-t.jpg'}}]}"
113,388,JM,JAM,False,Jamaica,Jamaica,"{'header': [{'caption': 'Jamaica', 'paths': {'original': 'https://cdn2.civitatis.com/jamaica/jamaica-o.jpg', 'thumbnail': 'https://cdn2.civitatis.com/jamaica/jamaica-t.jpg'}}]}"
114,392,JP,JPN,True,Japan,Japan,"{'header': [{'caption': 'Japan', 'paths': {'original': 'https://cdn2.civitatis.com/japan/japan-o.jpg', 'thumbnail': 'https://cdn2.civitatis.com/japan/japan-t.jpg'}}]}"
115,400,JO,JOR,True,Jordan,Jordan,"{'header': [{'caption': 'Jordan', 'paths': {'original': 'https://cdn2.civitatis.com/jordan/jordan-o.jpg', 'thumbnail': 'https://cdn2.civitatis.com/jordan/jordan-t.jpg'}}]}"
116,398,KZ,KAZ,False,Kazakhstan,Kazakhstan,"{'header': [{'caption': 'Kazakhstan', 'paths': {'original': 'https://cdn2.civitatis.com/kazakhstan/kazakhstan-o.jpg', 'thumbnail': 'https://cdn2.civitatis.com/kazakhstan/kazakhstan-t.jpg'}}]}"
117,404,KE,KEN,False,Kenya,Kenya,"{'header': [{'caption': 'Kenya', 'paths': {'original': 'https://cdn2.civitatis.com/kenya/kenya-o.jpg', 'thumbnail': 'https://cdn2.civitatis.com/kenya/kenya-t.jpg'}}]}"
118,417,KG,KGZ,False,Kyrgyzstan,Kyrgyzstan,"{'header': [{'caption': 'Kyrgyzstan', 'paths': {'original': 'https://cdn2.civitatis.com/kyrgyzstan/kyrgyzstan-o.jpg', 'thumbnail': 'https://cdn2.civitatis.com/kyrgyzstan/kyrgyzstan-t.jpg'}}]}"
119,296,KI,KIR,False,Kiribati,Kiribati,"{'header': [{'caption': 'Kiribati', 'paths': {'original': 'https://cdn2.civitatis.com/kiribati/kiribati-o.jpg', 'thumbnail': 'https://cdn2.civitatis.com/kiribati/kiribati-t.jpg'}}]}"
120,414,KW,KWT,False,Kuwait,Kuwait,"{'header': [{'caption': 'Kuwait', 'paths': {'original': 'https://cdn2.civitatis.com/kuwait/kuwait-o.jpg', 'thumbnail': 'https://cdn2.civitatis.com/kuwait/kuwait-t.jpg'}}]}"
121,418,LA,LAO,False,Laos,Laos,"{'header': [{'caption': 'Laos', 'paths': {'original': 'https://cdn2.civitatis.com/laos/laos-o.jpg', 'thumbnail': 'https://cdn2.civitatis.com/laos/laos-t.jpg'}}]}"
122,426,LS,LSO,False,Lesotho,Lesotho,"{'header': [{'caption': 'Lesotho', 'paths': {'original': 'https://cdn2.civitatis.com/lesotho/lesotho-o.jpg', 'thumbnail': 'https://cdn2.civitatis.com/lesotho/lesotho-t.jpg'}}]}"
123,428,LV,LVA,False,Latvia,Latvia,"{'header': [{'caption': 'Latvia', 'paths': {'original': 'https://cdn2.civitatis.com/latvia/latvia-o.jpg', 'thumbnail': 'https://cdn2.civitatis.com/latvia/latvia-t.jpg'}}]}"
124,422,LB,LBN,False,Lebanon,Lebanon,"{'header': [{'caption': 'Lebanon', 'paths': {'original': 'https://cdn2.civitatis.com/lebanon/lebanon-o.jpg', 'thumbnail': 'https://cdn2.civitatis.com/lebanon/lebanon-t.jpg'}}]}"
125,430,LR,LBR,False,Liberia,Liberia,"{'header': [{'caption': 'Liberia', 'paths': {'original': 'https://cdn2.civitatis.com/liberia/liberia-o.jpg', 'thumbnail': 'https://cdn2.civitatis.com/liberia/liberia-t.jpg'}}]}"
126,434,LY,LBY,False,Libya,Libya,"{'header': [{'caption': 'Libya', 'paths': {'original': 'https://cdn2.civitatis.com/libya/libya-o.jpg', 'thumbnail': 'https://cdn2.civitatis.com/libya/libya-t.jpg'}}]}"
127,438,LI,LIE,False,Liechtenstein,Liechtenstein,"{'header': [{'caption': 'Liechtenstein', 'paths': {'original': 'https://cdn2.civitatis.com/liechtenstein/liechtenstein-o.jpg', 'thumbnail': 'https://cdn2.civitatis.com/liechtenstein/liechtenstein-t.jpg'}}]}"
128,440,LT,LTU,False,Lithuania,Lithuania,"{'header': [{'caption': 'Lithuania', 'paths': {'original': 'https://cdn2.civitatis.com/lithuania/lithuania-o.jpg', 'thumbnail': 'https://cdn2.civitatis.com/lithuania/lithuania-t.jpg'}}]}"
129,442,LU,LUX,False,Luxembourg,Luxembourg,"{'header': [{'caption': 'Luxembourg', 'paths': {'original': 'https://cdn2.civitatis.com/luxembourg-country/luxembourg-country-o.jpg', 'thumbnail': 'https://cdn2.civitatis.com/luxembourg-country/luxembourg-country-t.jpg'}}]}"
130,446,MO,MAC,False,Macau,Macau,"{'header': [{'caption': 'Macau', 'paths': {'original': 'https://cdn2.civitatis.com/macau-country/macau-country-o.jpg', 'thumbnail': 'https://cdn2.civitatis.com/macau-country/macau-country-t.jpg'}}]}"
131,807,MK,MKD,False,North Macedonia,North Macedonia,"{'header': [{'caption': 'North Macedonia', 'paths': {'original': 'https://cdn2.civitatis.com/macedonia/macedonia-o.jpg', 'thumbnail': 'https://cdn2.civitatis.com/macedonia/macedonia-t.jpg'}}]}"
132,450,MG,MDG,False,Madagascar,Madagascar,"{'header': [{'caption': 'Madagascar', 'paths': {'original': 'https://cdn2.civitatis.com/madagascar/madagascar-o.jpg', 'thumbnail': 'https://cdn2.civitatis.com/madagascar/madagascar-t.jpg'}}]}"
133,458,MY,MYS,True,Malaysia,Malaysia,"{'header': [{'caption': 'Malaysia', 'paths': {'original': 'https://cdn2.civitatis.com/malaysia/malaysia-o.jpg', 'thumbnail': 'https://cdn2.civitatis.com/malaysia/malaysia-t.jpg'}}]}"
134,454,MW,MWI,False,Malawi,Malawi,"{'header': [{'caption': 'Malawi', 'paths': {'original': 'https://cdn2.civitatis.com/malawi/malawi-o.jpg', 'thumbnail': 'https://cdn2.civitatis.com/malawi/malawi-t.jpg'}}]}"
135,462,MV,MDV,False,Maldives,Maldives,"{'header': [{'caption': 'Maldives', 'paths': {'original': 'https://cdn2.civitatis.com/maldives/maldives-o.jpg', 'thumbnail': 'https://cdn2.civitatis.com/maldives/maldives-t.jpg'}}]}"
136,466,ML,MLI,False,Mali,Mali,"{'header': [{'caption': 'Mali', 'paths': {'original': 'https://cdn2.civitatis.com/mali/mali-o.jpg', 'thumbnail': 'https://cdn2.civitatis.com/mali/mali-t.jpg'}}]}"
137,470,MT,MLT,True,Malta,Malta,"{'header': [{'caption': 'Malta', 'paths': {'original': 'https://cdn2.civitatis.com/malta-country/malta-country-o.jpg', 'thumbnail': 'https://cdn2.civitatis.com/malta-country/malta-country-t.jpg'}}]}"
138,238,FK,FLK,False,The Falkland Islands,The Falkland Islands,"{'header': [{'caption': 'The Falkland Islands', 'paths': {'original': 'https://cdn2.civitatis.com/falkland-islands/falkland-islands-o.jpg', 'thumbnail': 'https://cdn2.civitatis.com/falkland-islands/falkland-islands-t.jpg'}}]}"
139,580,MP,MNP,False,Northern Mariana Islands,Northern Mariana Islands,"{'header': [{'caption': 'Northern Mariana Islands', 'paths': {'original': 'https://cdn2.civitatis.com/n-a/n-a-o.jpg', 'thumbnail': 'https://cdn2.civitatis.com/n-a/n-a-t.jpg'}}]}"
140,504,MA,MAR,True,Morocco,Morocco,"{'header': [{'caption': 'Morocco', 'paths': {'original': 'https://cdn2.civitatis.com/morocco/morocco-o.jpg', 'thumbnail': 'https://cdn2.civitatis.com/morocco/morocco-t.jpg'}}]}"
141,584,MH,MHL,False,Marshall Islands,Marshall Islands,"{'header': [{'caption': 'Marshall Islands', 'paths': {'original': 'https://cdn2.civitatis.com/marshall-islands/marshall-islands-o.jpg', 'thumbnail': 'https://cdn2.civitatis.com/marshall-islands/marshall-islands-t.jpg'}}]}"
142,474,MQ,MTQ,False,Martinique,Martinique,"{'header': [{'caption': 'Martinique', 'paths': {'original': 'https://cdn2.civitatis.com/martinique/martinique-o.jpg', 'thumbnail': 'https://cdn2.civitatis.com/martinique/martinique-t.jpg'}}]}"
143,480,MU,MUS,True,Mauritius,Mauritius,"{'header': [{'caption': 'Mauritius', 'paths': {'original': 'https://cdn2.civitatis.com/mauritius/mauritius-o.jpg', 'thumbnail': 'https://cdn2.civitatis.com/mauritius/mauritius-t.jpg'}}]}"
144,478,MR,MRT,False,Mauritania,Mauritania,"{'header': [{'caption': 'Mauritania', 'paths': {'original': 'https://cdn2.civitatis.com/mauritania/mauritania-o.jpg', 'thumbnail': 'https://cdn2.civitatis.com/mauritania/mauritania-t.jpg'}}]}"
145,175,YT,MYT,False,Mayotte,Mayotte,"{'header': [{'caption': 'Mayotte', 'paths': {'original': 'https://cdn2.civitatis.com/mayotte/mayotte-o.jpg', 'thumbnail': 'https://cdn2.civitatis.com/mayotte/mayotte-t.jpg'}}]}"
146,484,MX,MEX,True,Mexico,Mexico,"{'header': [{'caption': 'Mexico', 'paths': {'original': 'https://cdn2.civitatis.com/mexico/mexico-o.jpg', 'thumbnail': 'https://cdn2.civitatis.com/mexico/mexico-t.jpg'}}]}"
147,583,FM,FSM,False,Micronesia,Micronesia,"{'header': [{'caption': 'Micronesia', 'paths': {'original': 'https://cdn2.civitatis.com/micronesia/micronesia-o.jpg', 'thumbnail': 'https://cdn2.civitatis.com/micronesia/micronesia-t.jpg'}}]}"
148,498,MD,MDA,False,Moldavia,Moldavia,"{'header': [{'caption': 'Moldavia', 'paths': {'original': 'https://cdn2.civitatis.com/moldavia/moldavia-o.jpg', 'thumbnail': 'https://cdn2.civitatis.com/moldavia/moldavia-t.jpg'}}]}"
149,492,MC,MCO,False,Monaco,Monaco,"{'header': [{'caption': 'Monaco', 'paths': {'original': 'https://cdn2.civitatis.com/monaco-country/monaco-country-o.jpg', 'thumbnail': 'https://cdn2.civitatis.com/monaco-country/monaco-country-t.jpg'}}]}"
150,496,MN,MNG,False,Mongolia,Mongolia,"{'header': [{'caption': 'Mongolia', 'paths': {'original': 'https://cdn2.civitatis.com/mongolia/mongolia-o.jpg', 'thumbnail': 'https://cdn2.civitatis.com/mongolia/mongolia-t.jpg'}}]}"
151,500,MS,MSR,False,Montserrat,Montserrat,"{'header': [{'caption': 'Montserrat', 'paths': {'original': 'https://cdn2.civitatis.com/montserrat/montserrat-o.jpg', 'thumbnail': 'https://cdn2.civitatis.com/montserrat/montserrat-t.jpg'}}]}"
152,508,MZ,MOZ,False,Mozambique,Mozambique,"{'header': [{'caption': 'Mozambique', 'paths': {'original': 'https://cdn2.civitatis.com/mozambique/mozambique-o.jpg', 'thumbnail': 'https://cdn2.civitatis.com/mozambique/mozambique-t.jpg'}}]}"
153,104,MM,MMR,False,Myanmar,Myanmar,"{'header': [{'caption': 'Myanmar', 'paths': {'original': 'https://cdn2.civitatis.com/myanmar/myanmar-o.jpg', 'thumbnail': 'https://cdn2.civitatis.com/myanmar/myanmar-t.jpg'}}]}"
154,516,NA,NAM,False,Namibia,Namibia,"{'header': [{'caption': 'Namibia', 'paths': {'original': 'https://cdn2.civitatis.com/namibia/namibia-o.jpg', 'thumbnail': 'https://cdn2.civitatis.com/namibia/namibia-t.jpg'}}]}"
155,520,NR,NRU,False,Nauru,Nauru,"{'header': [{'caption': 'Nauru', 'paths': {'original': 'https://cdn2.civitatis.com/nauru/nauru-o.jpg', 'thumbnail': 'https://cdn2.civitatis.com/nauru/nauru-t.jpg'}}]}"
156,524,NP,NPL,False,Nepal,Nepal,"{'header': [{'caption': 'Nepal', 'paths': {'original': 'https://cdn2.civitatis.com/nepal/nepal-o.jpg', 'thumbnail': 'https://cdn2.civitatis.com/nepal/nepal-t.jpg'}}]}"
157,558,NI,NIC,False,Nicaragua,Nicaragua,"{'header': [{'caption': 'Nicaragua', 'paths': {'original': 'https://cdn2.civitatis.com/nicaragua/nicaragua-o.jpg', 'thumbnail': 'https://cdn2.civitatis.com/nicaragua/nicaragua-t.jpg'}}]}"
158,562,NE,NER,False,Niger,Niger,"{'header': [{'caption': 'Niger', 'paths': {'original': 'https://cdn2.civitatis.com/niger/niger-o.jpg', 'thumbnail': 'https://cdn2.civitatis.com/niger/niger-t.jpg'}}]}"
159,566,NG,NGA,False,Nigeria,Nigeria,"{'header': [{'caption': 'Nigeria', 'paths': {'original': 'https://cdn2.civitatis.com/nigeria/nigeria-o.jpg', 'thumbnail': 'https://cdn2.civitatis.com/nigeria/nigeria-t.jpg'}}]}"
160,570,NU,NIU,False,Niue,Niue,"{'header': [{'caption': 'Niue', 'paths': {'original': 'https://cdn2.civitatis.com/niue/niue-o.jpg', 'thumbnail': 'https://cdn2.civitatis.com/niue/niue-t.jpg'}}]}"
161,574,NF,NFK,False,Norfolk Island,Norfolk Island,"{'header': [{'caption': 'Norfolk Island', 'paths': {'original': 'https://cdn2.civitatis.com/norfolk-island/norfolk-island-o.jpg', 'thumbnail': 'https://cdn2.civitatis.com/norfolk-island/norfolk-island-t.jpg'}}]}"
162,578,NO,NOR,False,Norway,Norway,"{'header': [{'caption': 'Norway', 'paths': {'original': 'https://cdn2.civitatis.com/norway/norway-o.jpg', 'thumbnail': 'https://cdn2.civitatis.com/norway/norway-t.jpg'}}]}"
163,540,NC,NCL,False,New Caledonia,New Caledonia,"{'header': [{'caption': 'New Caledonia', 'paths': {'original': 'https://cdn2.civitatis.com/new-caledonia/new-caledonia-o.jpg', 'thumbnail': 'https://cdn2.civitatis.com/new-caledonia/new-caledonia-t.jpg'}}]}"
164,554,NZ,NZL,False,New Zealand ,New Zealand ,"{'header': [{'caption': 'New Zealand ', 'paths': {'original': 'https://cdn2.civitatis.com/new-zealand/new-zealand-o.jpg', 'thumbnail': 'https://cdn2.civitatis.com/new-zealand/new-zealand-t.jpg'}}]}"
165,512,OM,OMN,False,Oman,Oman,"{'header': [{'caption': 'Oman', 'paths': {'original': 'https://cdn2.civitatis.com/oman/oman-o.jpg', 'thumbnail': 'https://cdn2.civitatis.com/oman/oman-t.jpg'}}]}"
166,528,NL,NLD,True,Netherlands,Netherlands,"{'header': [{'caption': 'Netherlands', 'paths': {'original': 'https://cdn2.civitatis.com/netherlands/netherlands-o.jpg', 'thumbnail': 'https://cdn2.civitatis.com/netherlands/netherlands-t.jpg'}}]}"
167,586,PK,PAK,False,Pakistan ,Pakistan ,"{'header': [{'caption': 'Pakistan ', 'paths': {'original': 'https://cdn2.civitatis.com/pakistan/pakistan-o.jpg', 'thumbnail': 'https://cdn2.civitatis.com/pakistan/pakistan-t.jpg'}}]}"
168,585,PW,PLW,False,Palau,Palau,"{'header': [{'caption': 'Palau', 'paths': {'original': 'https://cdn2.civitatis.com/palau/palau-o.jpg', 'thumbnail': 'https://cdn2.civitatis.com/palau/palau-t.jpg'}}]}"
169,275,PS,PSE,False,Palestine,Palestine,"{'header': [{'caption': 'Palestine', 'paths': {'original': 'https://cdn2.civitatis.com/palestine/palestine-o.jpg', 'thumbnail': 'https://cdn2.civitatis.com/palestine/palestine-t.jpg'}}]}"
170,591,PA,PAN,False,Panama,Panama,"{'header': [{'caption': 'Panama', 'paths': {'original': 'https://cdn2.civitatis.com/panama/panama-o.jpg', 'thumbnail': 'https://cdn2.civitatis.com/panama/panama-t.jpg'}}]}"
171,598,PG,PNG,False,Papua New Guinea,Papua New Guinea,"{'header': [{'caption': 'Papua New Guinea', 'paths': {'original': 'https://cdn2.civitatis.com/papua-new-guinea/papua-new-guinea-o.jpg', 'thumbnail': 'https://cdn2.civitatis.com/papua-new-guinea/papua-new-guinea-t.jpg'}}]}"
172,600,PY,PRY,False,Paraguay,Paraguay,"{'header': [{'caption': 'Paraguay', 'paths': {'original': 'https://cdn2.civitatis.com/paraguay/paraguay-o.jpg', 'thumbnail': 'https://cdn2.civitatis.com/paraguay/paraguay-t.jpg'}}]}"
173,604,PE,PER,False,Peru,Peru,"{'header': [{'caption': 'Peru', 'paths': {'original': 'https://cdn2.civitatis.com/peru/peru-o.jpg', 'thumbnail': 'https://cdn2.civitatis.com/peru/peru-t.jpg'}}]}"
174,612,PN,PCN,False,The Pitcairn Islands,The Pitcairn Islands,"{'header': [{'caption': 'The Pitcairn Islands', 'paths': {'original': 'https://cdn2.civitatis.com/pitcairn-islands/pitcairn-islands-o.jpg', 'thumbnail': 'https://cdn2.civitatis.com/pitcairn-islands/pitcairn-islands-t.jpg'}}]}"
175,258,PF,PYF,False,French Polynesia,French Polynesia,"{'header': [{'caption': 'French Polynesia', 'paths': {'original': 'https://cdn2.civitatis.com/french-polynesia/french-polynesia-o.jpg', 'thumbnail': 'https://cdn2.civitatis.com/french-polynesia/french-polynesia-t.jpg'}}]}"
176,616,PL,POL,True,Poland,Poland,"{'header': [{'caption': 'Poland', 'paths': {'original': 'https://cdn2.civitatis.com/poland/poland-o.jpg', 'thumbnail': 'https://cdn2.civitatis.com/poland/poland-t.jpg'}}]}"
177,620,PT,PRT,True,Portugal,Portugal,"{'header': [{'caption': 'Portugal', 'paths': {'original': 'https://cdn2.civitatis.com/portugal/portugal-o.jpg', 'thumbnail': 'https://cdn2.civitatis.com/portugal/portugal-t.jpg'}}]}"
178,630,PR,PRI,False,Puerto Rico,Puerto Rico,"{'header': [{'caption': 'Puerto Rico', 'paths': {'original': 'https://cdn2.civitatis.com/puerto-rico/puerto-rico-o.jpg', 'thumbnail': 'https://cdn2.civitatis.com/puerto-rico/puerto-rico-t.jpg'}}]}"
179,634,QA,QAT,False,Qatar,Qatar,"{'header': [{'caption': 'Qatar', 'paths': {'original': 'https://cdn2.civitatis.com/qatar/qatar-o.jpg', 'thumbnail': 'https://cdn2.civitatis.com/qatar/qatar-t.jpg'}}]}"
180,826,GB,GBR,True,United Kingdom ,United Kingdom ,"{'header': [{'caption': 'United Kingdom ', 'paths': {'original': 'https://cdn2.civitatis.com/united-kingdom/united-kingdom-o.jpg', 'thumbnail': 'https://cdn2.civitatis.com/united-kingdom/united-kingdom-t.jpg'}}]}"
181,638,RE,REU,False,Réunion,Réunion,"{'header': [{'caption': 'Réunion', 'paths': {'original': 'https://cdn2.civitatis.com/réunion/réunion-o.jpg', 'thumbnail': 'https://cdn2.civitatis.com/réunion/réunion-t.jpg'}}]}"
182,646,RW,RWA,False,Rwanda,Rwanda,"{'header': [{'caption': 'Rwanda', 'paths': {'original': 'https://cdn2.civitatis.com/rwanda/rwanda-o.jpg', 'thumbnail': 'https://cdn2.civitatis.com/rwanda/rwanda-t.jpg'}}]}"
183,642,RO,ROU,False,Romania,Romania,"{'header': [{'caption': 'Romania', 'paths': {'original': 'https://cdn2.civitatis.com/romania/romania-o.jpg', 'thumbnail': 'https://cdn2.civitatis.com/romania/romania-t.jpg'}}]}"
184,643,RU,RUS,True,Russia,Russia,"{'header': [{'caption': 'Russia', 'paths': {'original': 'https://cdn2.civitatis.com/russia/russia-o.jpg', 'thumbnail': 'https://cdn2.civitatis.com/russia/russia-t.jpg'}}]}"
185,732,EH,ESH,False,Western Sahara,Western Sahara,"{'header': [{'caption': 'Western Sahara', 'paths': {'original': 'https://cdn2.civitatis.com/western-sahara/western-sahara-o.jpg', 'thumbnail': 'https://cdn2.civitatis.com/western-sahara/western-sahara-t.jpg'}}]}"
186,90,SB,SLB,False,Solomon Islands,Solomon Islands,"{'header': [{'caption': 'Solomon Islands', 'paths': {'original': 'https://cdn2.civitatis.com/solomon-islands/solomon-islands-o.jpg', 'thumbnail': 'https://cdn2.civitatis.com/solomon-islands/solomon-islands-t.jpg'}}]}"
187,882,WS,WSM,False,Samoa,Samoa,"{'header': [{'caption': 'Samoa', 'paths': {'original': 'https://cdn2.civitatis.com/samoa/samoa-o.jpg', 'thumbnail': 'https://cdn2.civitatis.com/samoa/samoa-t.jpg'}}]}"
188,16,AS,ASM,False,American Samoa,American Samoa,"{'header': [{'caption': 'American Samoa', 'paths': {'original': 'https://cdn2.civitatis.com/american-samoa/american-samoa-o.jpg', 'thumbnail': 'https://cdn2.civitatis.com/american-samoa/american-samoa-t.jpg'}}]}"
189,659,KN,KNA,False,Saint Kitts and Nevis,Saint Kitts and Nevis,"{'header': [{'caption': 'Saint Kitts and Nevis', 'paths': {'original': 'https://cdn2.civitatis.com/saint-kitts-and-nevis/saint-kitts-and-nevis-o.jpg', 'thumbnail': 'https://cdn2.civitatis.com/saint-kitts-and-nevis/saint-kitts-and-nevis-t.jpg'}}]}"
190,674,SM,SMR,False,San Marino,San Marino,"{'header': [{'caption': 'San Marino', 'paths': {'original': 'https://cdn2.civitatis.com/san-marino/san-marino-o.jpg', 'thumbnail': 'https://cdn2.civitatis.com/san-marino/san-marino-t.jpg'}}]}"
191,666,PM,SPM,False,Saint Pierre and Miquelon,Saint Pierre and Miquelon,"{'header': [{'caption': 'Saint Pierre and Miquelon', 'paths': {'original': 'https://cdn2.civitatis.com/saint-pierre-and-miquelon/saint-pierre-and-miquelon-o.jpg', 'thumbnail': 'https://cdn2.civitatis.com/saint-pierre-and-miquelon/saint-pierre-and-miquelon-t.jpg'}}]}"
192,670,VC,VCT,False,Saint Vincent and the Grenadines,Saint Vincent and the Grenadines,"{'header': [{'caption': 'Saint Vincent and the Grenadines', 'paths': {'original': 'https://cdn2.civitatis.com/saint-vincent-and-the-grenadines/saint-vincent-and-the-grenadines-o.jpg', 'thumbnail': 'https://cdn2.civitatis.com/saint-vincent-and-the-grenadines/saint-vincent-and-the-grenadines-t.jpg'}}]}"
193,654,SH,SHN,False,Saint Helena,Saint Helena,"{'header': [{'caption': 'Saint Helena', 'paths': {'original': 'https://cdn2.civitatis.com/saint-helena/saint-helena-o.jpg', 'thumbnail': 'https://cdn2.civitatis.com/saint-helena/saint-helena-t.jpg'}}]}"
194,662,LC,LCA,False,Saint Lucia,Saint Lucia,"{'header': [{'caption': 'Saint Lucia', 'paths': {'original': 'https://cdn2.civitatis.com/saint-lucia/saint-lucia-o.jpg', 'thumbnail': 'https://cdn2.civitatis.com/saint-lucia/saint-lucia-t.jpg'}}]}"
195,678,ST,STP,False,São Tomé and Príncipe,São Tomé and Príncipe,"{'header': [{'caption': 'São Tomé and Príncipe', 'paths': {'original': 'https://cdn2.civitatis.com/sao-tome-and-principe/sao-tome-and-principe-o.jpg', 'thumbnail': 'https://cdn2.civitatis.com/sao-tome-and-principe/sao-tome-and-principe-t.jpg'}}]}"
196,686,SN,SEN,False,Senegal,Senegal,"{'header': [{'caption': 'Senegal', 'paths': {'original': 'https://cdn2.civitatis.com/senegal/senegal-o.jpg', 'thumbnail': 'https://cdn2.civitatis.com/senegal/senegal-t.jpg'}}]}"
197,688,RS,SRB,False,Serbia,Serbia,"{'header': [{'caption': 'Serbia', 'paths': {'original': 'https://cdn2.civitatis.com/serbia/serbia-o.jpg', 'thumbnail': 'https://cdn2.civitatis.com/serbia/serbia-t.jpg'}}]}"
198,690,SC,SYC,False,Seychelles,Seychelles,"{'header': [{'caption': 'Seychelles', 'paths': {'original': 'https://cdn2.civitatis.com/seychelles/seychelles-o.jpg', 'thumbnail': 'https://cdn2.civitatis.com/seychelles/seychelles-t.jpg'}}]}"
199,694,SL,SLE,False,Sierra Leone,Sierra Leone,"{'header': [{'caption': 'Sierra Leone', 'paths': {'original': 'https://cdn2.civitatis.com/sierra-leone/sierra-leone-o.jpg', 'thumbnail': 'https://cdn2.civitatis.com/sierra-leone/sierra-leone-t.jpg'}}]}"
200,702,SG,SGP,True,Singapore,Singapore,"{'header': [{'caption': 'Singapore', 'paths': {'original': 'https://cdn2.civitatis.com/singapore-country/singapore-country-o.jpg', 'thumbnail': 'https://cdn2.civitatis.com/singapore-country/singapore-country-t.jpg'}}]}"
201,760,SY,SYR,False,Syria ,Syria ,"{'header': [{'caption': 'Syria ', 'paths': {'original': 'https://cdn2.civitatis.com/syria/syria-o.jpg', 'thumbnail': 'https://cdn2.civitatis.com/syria/syria-t.jpg'}}]}"
202,706,SO,SOM,False,Somalia,Somalia,"{'header': [{'caption': 'Somalia', 'paths': {'original': 'https://cdn2.civitatis.com/somalia/somalia-o.jpg', 'thumbnail': 'https://cdn2.civitatis.com/somalia/somalia-t.jpg'}}]}"
203,144,LK,LKA,False,Sri Lanka,Sri Lanka,"{'header': [{'caption': 'Sri Lanka', 'paths': {'original': 'https://cdn2.civitatis.com/sri-lanka/sri-lanka-o.jpg', 'thumbnail': 'https://cdn2.civitatis.com/sri-lanka/sri-lanka-t.jpg'}}]}"
204,748,SZ,SWZ,False,Swaziland,Swaziland,"{'header': [{'caption': 'Swaziland', 'paths': {'original': 'https://cdn2.civitatis.com/swaziland/swaziland-o.jpg', 'thumbnail': 'https://cdn2.civitatis.com/swaziland/swaziland-t.jpg'}}]}"
205,710,ZA,ZAF,False,South Africa ,South Africa ,"{'header': [{'caption': 'South Africa ', 'paths': {'original': 'https://cdn2.civitatis.com/south-africa/south-africa-o.jpg', 'thumbnail': 'https://cdn2.civitatis.com/south-africa/south-africa-t.jpg'}}]}"
206,736,SD,SDN,False,Sudan,Sudan,"{'header': [{'caption': 'Sudan', 'paths': {'original': 'https://cdn2.civitatis.com/sudan/sudan-o.jpg', 'thumbnail': 'https://cdn2.civitatis.com/sudan/sudan-t.jpg'}}]}"
207,752,SE,SWE,False,Sweden,Sweden,"{'header': [{'caption': 'Sweden', 'paths': {'original': 'https://cdn2.civitatis.com/sweden/sweden-o.jpg', 'thumbnail': 'https://cdn2.civitatis.com/sweden/sweden-t.jpg'}}]}"
208,756,CH,CHE,True,Switzerland,Switzerland,"{'header': [{'caption': 'Switzerland', 'paths': {'original': 'https://cdn2.civitatis.com/switzerland/switzerland-o.jpg', 'thumbnail': 'https://cdn2.civitatis.com/switzerland/switzerland-t.jpg'}}]}"
209,740,SR,SUR,False,Suriname,Suriname,"{'header': [{'caption': 'Suriname', 'paths': {'original': 'https://cdn2.civitatis.com/suriname/suriname-o.jpg', 'thumbnail': 'https://cdn2.civitatis.com/suriname/suriname-t.jpg'}}]}"
210,744,SJ,SJM,False,Svalbard and Jan Mayen,Svalbard and Jan Mayen,"{'header': [{'caption': 'Svalbard and Jan Mayen', 'paths': {'original': 'https://cdn2.civitatis.com/svalbard-and-jan-mayen/svalbard-and-jan-mayen-o.jpg', 'thumbnail': 'https://cdn2.civitatis.com/svalbard-and-jan-mayen/svalbard-and-jan-mayen-t.jpg'}}]}"
211,764,TH,THA,True,Thailand,Thailand,"{'header': [{'caption': 'Thailand', 'paths': {'original': 'https://cdn2.civitatis.com/thailand/thailand-o.jpg', 'thumbnail': 'https://cdn2.civitatis.com/thailand/thailand-t.jpg'}}]}"
212,158,TW,TWN,False,Taiwan,Taiwan,"{'header': [{'caption': 'Taiwan', 'paths': {'original': 'https://cdn2.civitatis.com/taiwan/taiwan-o.jpg', 'thumbnail': 'https://cdn2.civitatis.com/taiwan/taiwan-t.jpg'}}]}"
213,834,TZ,TZA,False,Tanzania,Tanzania,"{'header': [{'caption': 'Tanzania', 'paths': {'original': 'https://cdn2.civitatis.com/tanzania/tanzania-o.jpg', 'thumbnail': 'https://cdn2.civitatis.com/tanzania/tanzania-t.jpg'}}]}"
214,762,TJ,TJK,False,Tajikistan,Tajikistan,"{'header': [{'caption': 'Tajikistan', 'paths': {'original': 'https://cdn2.civitatis.com/tajikistan/tajikistan-o.jpg', 'thumbnail': 'https://cdn2.civitatis.com/tajikistan/tajikistan-t.jpg'}}]}"
215,86,IO,IOT,False,British Indian Ocean Territory,British Indian Ocean Territory,"{'header': [{'caption': 'British Indian Ocean Territory', 'paths': {'original': 'https://cdn2.civitatis.com/british-indian-ocean-territory/british-indian-ocean-territory-o.jpg', 'thumbnail': 'https://cdn2.civitatis.com/british-indian-ocean-territory/british-indian-ocean-territory-t.jpg'}}]}"
216,260,TF,ATF,False,French Southern and Antarctic Lands,French Southern and Antarctic Lands,"{'header': [{'caption': 'French Southern and Antarctic Lands', 'paths': {'original': 'https://cdn2.civitatis.com/french-southern-and-antartic-lands/french-southern-and-antartic-lands-o.jpg', 'thumbnail': 'https://cdn2.civitatis.com/french-southern-and-antartic-lands/french-southern-and-antartic-lands-t.jpg'}}]}"
217,626,TL,TLS,False,Timor-Leste,Timor-Leste,"{'header': [{'caption': 'Timor-Leste', 'paths': {'original': 'https://cdn2.civitatis.com/timor-leste/timor-leste-o.jpg', 'thumbnail': 'https://cdn2.civitatis.com/timor-leste/timor-leste-t.jpg'}}]}"
218,768,TG,TGO,False,Togo,Togo,"{'header': [{'caption': 'Togo', 'paths': {'original': 'https://cdn2.civitatis.com/togo/togo-o.jpg', 'thumbnail': 'https://cdn2.civitatis.com/togo/togo-t.jpg'}}]}"
219,772,TK,TKL,False,Tokelau,Tokelau,"{'header': [{'caption': 'Tokelau', 'paths': {'original': 'https://cdn2.civitatis.com/tokelau/tokelau-o.jpg', 'thumbnail': 'https://cdn2.civitatis.com/tokelau/tokelau-t.jpg'}}]}"
220,776,TO,TON,False,Tonga,Tonga,"{'header': [{'caption': 'Tonga', 'paths': {'original': 'https://cdn2.civitatis.com/tonga/tonga-o.jpg', 'thumbnail': 'https://cdn2.civitatis.com/tonga/tonga-t.jpg'}}]}"
221,780,TT,TTO,False,Trinidad and Tobago,Trinidad and Tobago,"{'header': [{'caption': 'Trinidad and Tobago', 'paths': {'original': 'https://cdn2.civitatis.com/trinidad-and-tobago/trinidad-and-tobago-o.jpg', 'thumbnail': 'https://cdn2.civitatis.com/trinidad-and-tobago/trinidad-and-tobago-t.jpg'}}]}"
222,788,TN,TUN,True,Tunisia,Tunisia,"{'header': [{'caption': 'Tunisia', 'paths': {'original': 'https://cdn2.civitatis.com/tunisia/tunisia-o.jpg', 'thumbnail': 'https://cdn2.civitatis.com/tunisia/tunisia-t.jpg'}}]}"
223,796,TC,TCA,False,Turks and Caicos Islands,Turks and Caicos Islands,"{'header': [{'caption': 'Turks and Caicos Islands', 'paths': {'original': 'https://cdn2.civitatis.com/turks-and-caicos-islands/turks-and-caicos-islands-o.jpg', 'thumbnail': 'https://cdn2.civitatis.com/turks-and-caicos-islands/turks-and-caicos-islands-t.jpg'}}]}"
224,795,TM,TKM,False,Turkmenistan,Turkmenistan,"{'header': [{'caption': 'Turkmenistan', 'paths': {'original': 'https://cdn2.civitatis.com/turkmenistan/turkmenistan-o.jpg', 'thumbnail': 'https://cdn2.civitatis.com/turkmenistan/turkmenistan-t.jpg'}}]}"
225,792,TR,TUR,True,Turkey,Turkey,"{'header': [{'caption': 'Turkey', 'paths': {'original': 'https://cdn2.civitatis.com/turkey/turkey-o.jpg', 'thumbnail': 'https://cdn2.civitatis.com/turkey/turkey-t.jpg'}}]}"
226,798,TV,TUV,False,Tuvalu,Tuvalu,"{'header': [{'caption': 'Tuvalu', 'paths': {'original': 'https://cdn2.civitatis.com/tuvalu/tuvalu-o.jpg', 'thumbnail': 'https://cdn2.civitatis.com/tuvalu/tuvalu-t.jpg'}}]}"
227,804,UA,UKR,False,Ukraine,Ukraine,"{'header': [{'caption': 'Ukraine', 'paths': {'original': 'https://cdn2.civitatis.com/ukraine/ukraine-o.jpg', 'thumbnail': 'https://cdn2.civitatis.com/ukraine/ukraine-t.jpg'}}]}"
228,800,UG,UGA,False,Uganda,Uganda,"{'header': [{'caption': 'Uganda', 'paths': {'original': 'https://cdn2.civitatis.com/uganda/uganda-o.jpg', 'thumbnail': 'https://cdn2.civitatis.com/uganda/uganda-t.jpg'}}]}"
229,858,UY,URY,False,Uruguay,Uruguay,"{'header': [{'caption': 'Uruguay', 'paths': {'original': 'https://cdn2.civitatis.com/uruguay/uruguay-o.jpg', 'thumbnail': 'https://cdn2.civitatis.com/uruguay/uruguay-t.jpg'}}]}"
230,860,UZ,UZB,False,Uzbekistan,Uzbekistan,"{'header': [{'caption': 'Uzbekistan', 'paths': {'original': 'https://cdn2.civitatis.com/uzbekistan/uzbekistan-o.jpg', 'thumbnail': 'https://cdn2.civitatis.com/uzbekistan/uzbekistan-t.jpg'}}]}"
231,548,VU,VUT,False,Vanuatu,Vanuatu,"{'header': [{'caption': 'Vanuatu', 'paths': {'original': 'https://cdn2.civitatis.com/vanuatu/vanuatu-o.jpg', 'thumbnail': 'https://cdn2.civitatis.com/vanuatu/vanuatu-t.jpg'}}]}"
232,862,VE,VEN,False,Venezuela,Venezuela,"{'header': [{'caption': 'Venezuela', 'paths': {'original': 'https://cdn2.civitatis.com/venezuela/venezuela-o.jpg', 'thumbnail': 'https://cdn2.civitatis.com/venezuela/venezuela-t.jpg'}}]}"
233,704,VN,VNM,True,Vietnam,Vietnam,"{'header': [{'caption': 'Vietnam', 'paths': {'original': 'https://cdn2.civitatis.com/vietnam/vietnam-o.jpg', 'thumbnail': 'https://cdn2.civitatis.com/vietnam/vietnam-t.jpg'}}]}"
234,92,VG,VGB,False,British Virgin Islands,British Virgin Islands,"{'header': [{'caption': 'British Virgin Islands', 'paths': {'original': 'https://cdn2.civitatis.com/british-virgin-islands/british-virgin-islands-o.jpg', 'thumbnail': 'https://cdn2.civitatis.com/british-virgin-islands/british-virgin-islands-t.jpg'}}]}"
235,850,VI,VIR,False,The U.S. Virgin Islands,The U.S. Virgin Islands,"{'header': [{'caption': 'The U.S. Virgin Islands', 'paths': {'original': 'https://cdn2.civitatis.com/united-states-virgin-islands/united-states-virgin-islands-o.jpg', 'thumbnail': 'https://cdn2.civitatis.com/united-states-virgin-islands/united-states-virgin-islands-t.jpg'}}]}"
236,876,WF,WLF,False,Wallis and Futuna,Wallis and Futuna,"{'header': [{'caption': 'Wallis and Futuna', 'paths': {'original': 'https://cdn2.civitatis.com/wallis-and-futuna/wallis-and-futuna-o.jpg', 'thumbnail': 'https://cdn2.civitatis.com/wallis-and-futuna/wallis-and-futuna-t.jpg'}}]}"
237,887,YE,YEM,False,Yemen,Yemen,"{'header': [{'caption': 'Yemen', 'paths': {'original': 'https://cdn2.civitatis.com/yemen/yemen-o.jpg', 'thumbnail': 'https://cdn2.civitatis.com/yemen/yemen-t.jpg'}}]}"
238,262,DJ,DJI,False,Djibouti,Djibouti,"{'header': [{'caption': 'Djibouti', 'paths': {'original': 'https://cdn2.civitatis.com/djibouti/djibouti-o.jpg', 'thumbnail': 'https://cdn2.civitatis.com/djibouti/djibouti-t.jpg'}}]}"
239,894,ZM,ZMB,False,Zambia,Zambia,"{'header': [{'caption': 'Zambia', 'paths': {'original': 'https://cdn2.civitatis.com/zambia/zambia-o.jpg', 'thumbnail': 'https://cdn2.civitatis.com/zambia/zambia-t.jpg'}}]}"
240,716,ZW,ZWE,False,Zimbabwe,Zimbabwe,"{'header': [{'caption': 'Zimbabwe', 'paths': {'original': 'https://cdn2.civitatis.com/zimbabwe/zimbabwe-o.jpg', 'thumbnail': 'https://cdn2.civitatis.com/zimbabwe/zimbabwe-t.jpg'}}]}"
241,499,ME,MNE,False,Montenegro,Montenegro,"{'header': [{'caption': 'Montenegro', 'paths': {'original': 'https://cdn2.civitatis.com/montenegro-country/montenegro-country-o.jpg', 'thumbnail': 'https://cdn2.civitatis.com/montenegro-country/montenegro-country-t.jpg'}}]}"
259,0,BT,064,False,Bhutan,Bhutan,"{'header': [{'caption': 'Bhutan', 'paths': {'original': 'https://cdn2.civitatis.com/bhutan/bhutan-o.jpg', 'thumbnail': 'https://cdn2.civitatis.com/bhutan/bhutan-t.jpg'}}]}"
262,530,AN,ANT,False,Curazao,Curazao,"{'header': [{'caption': 'Curazao', 'paths': {'original': 'https://cdn2.civitatis.com/curazao/curazao-o.jpg', 'thumbnail': 'https://cdn2.civitatis.com/curazao/curazao-t.jpg'}}]}"
276,535,BQ,BES,False,Bonaire,Bonaire,"{'header': [{'caption': 'Bonaire', 'paths': {'original': 'https://cdn2.civitatis.com/bonaire/bonaire-o.jpg', 'thumbnail': 'https://cdn2.civitatis.com/bonaire/bonaire-t.jpg'}}]}"
280,0,BL,BL,False,San Bartolomé,San Bartolomé,"{'header': [{'caption': 'San Bartolomé', 'paths': {'original': 'https://cdn2.civitatis.com/san-bartolome/san-bartolome-o.jpg', 'thumbnail': 'https://cdn2.civitatis.com/san-bartolome/san-bartolome-t.jpg'}}]}"
